id,x,y,layer_name
1,1,1,block1_conv1
2,1,2,block1_conv1
3,1,3,block1_conv1
4,1,4,block1_conv1
5,1,5,block1_conv1
6,1,6,block1_conv1
7,1,7,block1_conv1
8,1,8,block1_conv1
9,1,9,block1_conv1
10,1,10,block1_conv1
11,1,11,block1_conv1
12,1,12,block1_conv1
13,1,13,block1_conv1
14,1,14,block1_conv1
15,1,15,block1_conv1
16,1,16,block1_conv1
17,1,17,block1_conv1
18,1,18,block1_conv1
19,1,19,block1_conv1
20,1,20,block1_conv1
21,1,21,block1_conv1
22,1,22,block1_conv1
23,1,23,block1_conv1
24,1,24,block1_conv1
25,1,25,block1_conv1
26,1,26,block1_conv1
27,1,27,block1_conv1
28,1,28,block1_conv1
29,1,29,block1_conv1
30,1,30,block1_conv1
31,2,1,block1_conv1
32,2,2,block1_conv1
33,2,3,block1_conv1
34,2,4,block1_conv1
35,2,5,block1_conv1
36,2,6,block1_conv1
37,2,7,block1_conv1
38,2,8,block1_conv1
39,2,9,block1_conv1
40,2,10,block1_conv1
41,2,11,block1_conv1
42,2,12,block1_conv1
43,2,13,block1_conv1
44,2,14,block1_conv1
45,2,15,block1_conv1
46,2,16,block1_conv1
47,2,17,block1_conv1
48,2,18,block1_conv1
49,2,19,block1_conv1
50,2,20,block1_conv1
51,2,21,block1_conv1
52,2,22,block1_conv1
53,2,23,block1_conv1
54,2,24,block1_conv1
55,2,25,block1_conv1
56,2,26,block1_conv1
57,2,27,block1_conv1
58,2,28,block1_conv1
59,2,29,block1_conv1
60,2,30,block1_conv1
61,3,1,block1_conv1
62,3,2,block1_conv1
63,3,3,block1_conv1
64,3,4,block1_conv1
65,3,5,block1_conv1
66,3,6,block1_conv1
67,3,7,block1_conv1
68,3,8,block1_conv1
69,3,9,block1_conv1
70,3,10,block1_conv1
71,3,11,block1_conv1
72,3,12,block1_conv1
73,3,13,block1_conv1
74,3,14,block1_conv1
75,3,15,block1_conv1
76,3,16,block1_conv1
77,3,17,block1_conv1
78,3,18,block1_conv1
79,3,19,block1_conv1
80,3,20,block1_conv1
81,3,21,block1_conv1
82,3,22,block1_conv1
83,3,23,block1_conv1
84,3,24,block1_conv1
85,3,25,block1_conv1
86,3,26,block1_conv1
87,3,27,block1_conv1
88,3,28,block1_conv1
89,3,29,block1_conv1
90,3,30,block1_conv1
91,4,1,block1_conv1
92,4,2,block1_conv1
93,4,3,block1_conv1
94,4,4,block1_conv1
95,4,5,block1_conv1
96,4,6,block1_conv1
97,4,7,block1_conv1
98,4,8,block1_conv1
99,4,9,block1_conv1
100,4,10,block1_conv1
101,4,11,block1_conv1
102,4,12,block1_conv1
103,4,13,block1_conv1
104,4,14,block1_conv1
105,4,15,block1_conv1
106,4,16,block1_conv1
107,4,17,block1_conv1
108,4,18,block1_conv1
109,4,19,block1_conv1
110,4,20,block1_conv1
111,4,21,block1_conv1
112,4,22,block1_conv1
113,4,23,block1_conv1
114,4,24,block1_conv1
115,4,25,block1_conv1
116,4,26,block1_conv1
117,4,27,block1_conv1
118,4,28,block1_conv1
119,4,29,block1_conv1
120,4,30,block1_conv1
121,5,1,block1_conv1
122,5,2,block1_conv1
123,5,3,block1_conv1
124,5,4,block1_conv1
125,5,5,block1_conv1
126,5,6,block1_conv1
127,5,7,block1_conv1
128,5,8,block1_conv1
129,5,9,block1_conv1
130,5,10,block1_conv1
131,5,11,block1_conv1
132,5,12,block1_conv1
133,5,13,block1_conv1
134,5,14,block1_conv1
135,5,15,block1_conv1
136,5,16,block1_conv1
137,5,17,block1_conv1
138,5,18,block1_conv1
139,5,19,block1_conv1
140,5,20,block1_conv1
141,5,21,block1_conv1
142,5,22,block1_conv1
143,5,23,block1_conv1
144,5,24,block1_conv1
145,5,25,block1_conv1
146,5,26,block1_conv1
147,5,27,block1_conv1
148,5,28,block1_conv1
149,5,29,block1_conv1
150,5,30,block1_conv1
151,6,1,block1_conv1
152,6,2,block1_conv1
153,6,3,block1_conv1
154,6,4,block1_conv1
155,6,5,block1_conv1
156,6,6,block1_conv1
157,6,7,block1_conv1
158,6,8,block1_conv1
159,6,9,block1_conv1
160,6,10,block1_conv1
161,6,11,block1_conv1
162,6,12,block1_conv1
163,6,13,block1_conv1
164,6,14,block1_conv1
165,6,15,block1_conv1
166,6,16,block1_conv1
167,6,17,block1_conv1
168,6,18,block1_conv1
169,6,19,block1_conv1
170,6,20,block1_conv1
171,6,21,block1_conv1
172,6,22,block1_conv1
173,6,23,block1_conv1
174,6,24,block1_conv1
175,6,25,block1_conv1
176,6,26,block1_conv1
177,6,27,block1_conv1
178,6,28,block1_conv1
179,6,29,block1_conv1
180,6,30,block1_conv1
181,7,1,block1_conv1
182,7,2,block1_conv1
183,7,3,block1_conv1
184,7,4,block1_conv1
185,7,5,block1_conv1
186,7,6,block1_conv1
187,7,7,block1_conv1
188,7,8,block1_conv1
189,7,9,block1_conv1
190,7,10,block1_conv1
191,7,11,block1_conv1
192,7,12,block1_conv1
193,7,13,block1_conv1
194,7,14,block1_conv1
195,7,15,block1_conv1
196,7,16,block1_conv1
197,7,17,block1_conv1
198,7,18,block1_conv1
199,7,19,block1_conv1
200,7,20,block1_conv1
201,7,21,block1_conv1
202,7,22,block1_conv1
203,7,23,block1_conv1
204,7,24,block1_conv1
205,7,25,block1_conv1
206,7,26,block1_conv1
207,7,27,block1_conv1
208,7,28,block1_conv1
209,7,29,block1_conv1
210,7,30,block1_conv1
211,8,1,block1_conv1
212,8,2,block1_conv1
213,8,3,block1_conv1
214,8,4,block1_conv1
215,8,5,block1_conv1
216,8,6,block1_conv1
217,8,7,block1_conv1
218,8,8,block1_conv1
219,8,9,block1_conv1
220,8,10,block1_conv1
221,8,11,block1_conv1
222,8,12,block1_conv1
223,8,13,block1_conv1
224,8,14,block1_conv1
225,8,15,block1_conv1
226,8,16,block1_conv1
227,8,17,block1_conv1
228,8,18,block1_conv1
229,8,19,block1_conv1
230,8,20,block1_conv1
231,8,21,block1_conv1
232,8,22,block1_conv1
233,8,23,block1_conv1
234,8,24,block1_conv1
235,8,25,block1_conv1
236,8,26,block1_conv1
237,8,27,block1_conv1
238,8,28,block1_conv1
239,8,29,block1_conv1
240,8,30,block1_conv1
241,9,1,block1_conv1
242,9,2,block1_conv1
243,9,3,block1_conv1
244,9,4,block1_conv1
245,9,5,block1_conv1
246,9,6,block1_conv1
247,9,7,block1_conv1
248,9,8,block1_conv1
249,9,9,block1_conv1
250,9,10,block1_conv1
251,9,11,block1_conv1
252,9,12,block1_conv1
253,9,13,block1_conv1
254,9,14,block1_conv1
255,9,15,block1_conv1
256,9,16,block1_conv1
257,9,17,block1_conv1
258,9,18,block1_conv1
259,9,19,block1_conv1
260,9,20,block1_conv1
261,9,21,block1_conv1
262,9,22,block1_conv1
263,9,23,block1_conv1
264,9,24,block1_conv1
265,9,25,block1_conv1
266,9,26,block1_conv1
267,9,27,block1_conv1
268,9,28,block1_conv1
269,9,29,block1_conv1
270,9,30,block1_conv1
271,10,1,block1_conv1
272,10,2,block1_conv1
273,10,3,block1_conv1
274,10,4,block1_conv1
275,10,5,block1_conv1
276,10,6,block1_conv1
277,10,7,block1_conv1
278,10,8,block1_conv1
279,10,9,block1_conv1
280,10,10,block1_conv1
281,10,11,block1_conv1
282,10,12,block1_conv1
283,10,13,block1_conv1
284,10,14,block1_conv1
285,10,15,block1_conv1
286,10,16,block1_conv1
287,10,17,block1_conv1
288,10,18,block1_conv1
289,10,19,block1_conv1
290,10,20,block1_conv1
291,10,21,block1_conv1
292,10,22,block1_conv1
293,10,23,block1_conv1
294,10,24,block1_conv1
295,10,25,block1_conv1
296,10,26,block1_conv1
297,10,27,block1_conv1
298,10,28,block1_conv1
299,10,29,block1_conv1
300,10,30,block1_conv1
301,11,1,block1_conv1
302,11,2,block1_conv1
303,11,3,block1_conv1
304,11,4,block1_conv1
305,11,5,block1_conv1
306,11,6,block1_conv1
307,11,7,block1_conv1
308,11,8,block1_conv1
309,11,9,block1_conv1
310,11,10,block1_conv1
311,11,11,block1_conv1
312,11,12,block1_conv1
313,11,13,block1_conv1
314,11,14,block1_conv1
315,11,15,block1_conv1
316,11,16,block1_conv1
317,11,17,block1_conv1
318,11,18,block1_conv1
319,11,19,block1_conv1
320,11,20,block1_conv1
321,11,21,block1_conv1
322,11,22,block1_conv1
323,11,23,block1_conv1
324,11,24,block1_conv1
325,11,25,block1_conv1
326,11,26,block1_conv1
327,11,27,block1_conv1
328,11,28,block1_conv1
329,11,29,block1_conv1
330,11,30,block1_conv1
331,12,1,block1_conv1
332,12,2,block1_conv1
333,12,3,block1_conv1
334,12,4,block1_conv1
335,12,5,block1_conv1
336,12,6,block1_conv1
337,12,7,block1_conv1
338,12,8,block1_conv1
339,12,9,block1_conv1
340,12,10,block1_conv1
341,12,11,block1_conv1
342,12,12,block1_conv1
343,12,13,block1_conv1
344,12,14,block1_conv1
345,12,15,block1_conv1
346,12,16,block1_conv1
347,12,17,block1_conv1
348,12,18,block1_conv1
349,12,19,block1_conv1
350,12,20,block1_conv1
351,12,21,block1_conv1
352,12,22,block1_conv1
353,12,23,block1_conv1
354,12,24,block1_conv1
355,12,25,block1_conv1
356,12,26,block1_conv1
357,12,27,block1_conv1
358,12,28,block1_conv1
359,12,29,block1_conv1
360,12,30,block1_conv1
361,13,1,block1_conv1
362,13,2,block1_conv1
363,13,3,block1_conv1
364,13,4,block1_conv1
365,13,5,block1_conv1
366,13,6,block1_conv1
367,13,7,block1_conv1
368,13,8,block1_conv1
369,13,9,block1_conv1
370,13,10,block1_conv1
371,13,11,block1_conv1
372,13,12,block1_conv1
373,13,13,block1_conv1
374,13,14,block1_conv1
375,13,15,block1_conv1
376,13,16,block1_conv1
377,13,17,block1_conv1
378,13,18,block1_conv1
379,13,19,block1_conv1
380,13,20,block1_conv1
381,13,21,block1_conv1
382,13,22,block1_conv1
383,13,23,block1_conv1
384,13,24,block1_conv1
385,13,25,block1_conv1
386,13,26,block1_conv1
387,13,27,block1_conv1
388,13,28,block1_conv1
389,13,29,block1_conv1
390,13,30,block1_conv1
391,14,1,block1_conv1
392,14,2,block1_conv1
393,14,3,block1_conv1
394,14,4,block1_conv1
395,14,5,block1_conv1
396,14,6,block1_conv1
397,14,7,block1_conv1
398,14,8,block1_conv1
399,14,9,block1_conv1
400,14,10,block1_conv1
401,14,11,block1_conv1
402,14,12,block1_conv1
403,14,13,block1_conv1
404,14,14,block1_conv1
405,14,15,block1_conv1
406,14,16,block1_conv1
407,14,17,block1_conv1
408,14,18,block1_conv1
409,14,19,block1_conv1
410,14,20,block1_conv1
411,14,21,block1_conv1
412,14,22,block1_conv1
413,14,23,block1_conv1
414,14,24,block1_conv1
415,14,25,block1_conv1
416,14,26,block1_conv1
417,14,27,block1_conv1
418,14,28,block1_conv1
419,14,29,block1_conv1
420,14,30,block1_conv1
421,15,1,block1_conv1
422,15,2,block1_conv1
423,15,3,block1_conv1
424,15,4,block1_conv1
425,15,5,block1_conv1
426,15,6,block1_conv1
427,15,7,block1_conv1
428,15,8,block1_conv1
429,15,9,block1_conv1
430,15,10,block1_conv1
431,15,11,block1_conv1
432,15,12,block1_conv1
433,15,13,block1_conv1
434,15,14,block1_conv1
435,15,15,block1_conv1
436,15,16,block1_conv1
437,15,17,block1_conv1
438,15,18,block1_conv1
439,15,19,block1_conv1
440,15,20,block1_conv1
441,15,21,block1_conv1
442,15,22,block1_conv1
443,15,23,block1_conv1
444,15,24,block1_conv1
445,15,25,block1_conv1
446,15,26,block1_conv1
447,15,27,block1_conv1
448,15,28,block1_conv1
449,15,29,block1_conv1
450,15,30,block1_conv1
451,16,1,block1_conv1
452,16,2,block1_conv1
453,16,3,block1_conv1
454,16,4,block1_conv1
455,16,5,block1_conv1
456,16,6,block1_conv1
457,16,7,block1_conv1
458,16,8,block1_conv1
459,16,9,block1_conv1
460,16,10,block1_conv1
461,16,11,block1_conv1
462,16,12,block1_conv1
463,16,13,block1_conv1
464,16,14,block1_conv1
465,16,15,block1_conv1
466,16,16,block1_conv1
467,16,17,block1_conv1
468,16,18,block1_conv1
469,16,19,block1_conv1
470,16,20,block1_conv1
471,16,21,block1_conv1
472,16,22,block1_conv1
473,16,23,block1_conv1
474,16,24,block1_conv1
475,16,25,block1_conv1
476,16,26,block1_conv1
477,16,27,block1_conv1
478,16,28,block1_conv1
479,16,29,block1_conv1
480,16,30,block1_conv1
481,17,1,block1_conv1
482,17,2,block1_conv1
483,17,3,block1_conv1
484,17,4,block1_conv1
485,17,5,block1_conv1
486,17,6,block1_conv1
487,17,7,block1_conv1
488,17,8,block1_conv1
489,17,9,block1_conv1
490,17,10,block1_conv1
491,17,11,block1_conv1
492,17,12,block1_conv1
493,17,13,block1_conv1
494,17,14,block1_conv1
495,17,15,block1_conv1
496,17,16,block1_conv1
497,17,17,block1_conv1
498,17,18,block1_conv1
499,17,19,block1_conv1
500,17,20,block1_conv1
501,17,21,block1_conv1
502,17,22,block1_conv1
503,17,23,block1_conv1
504,17,24,block1_conv1
505,17,25,block1_conv1
506,17,26,block1_conv1
507,17,27,block1_conv1
508,17,28,block1_conv1
509,17,29,block1_conv1
510,17,30,block1_conv1
511,18,1,block1_conv1
512,18,2,block1_conv1
513,18,3,block1_conv1
514,18,4,block1_conv1
515,18,5,block1_conv1
516,18,6,block1_conv1
517,18,7,block1_conv1
518,18,8,block1_conv1
519,18,9,block1_conv1
520,18,10,block1_conv1
521,18,11,block1_conv1
522,18,12,block1_conv1
523,18,13,block1_conv1
524,18,14,block1_conv1
525,18,15,block1_conv1
526,18,16,block1_conv1
527,18,17,block1_conv1
528,18,18,block1_conv1
529,18,19,block1_conv1
530,18,20,block1_conv1
531,18,21,block1_conv1
532,18,22,block1_conv1
533,18,23,block1_conv1
534,18,24,block1_conv1
535,18,25,block1_conv1
536,18,26,block1_conv1
537,18,27,block1_conv1
538,18,28,block1_conv1
539,18,29,block1_conv1
540,18,30,block1_conv1
541,19,1,block1_conv1
542,19,2,block1_conv1
543,19,3,block1_conv1
544,19,4,block1_conv1
545,19,5,block1_conv1
546,19,6,block1_conv1
547,19,7,block1_conv1
548,19,8,block1_conv1
549,19,9,block1_conv1
550,19,10,block1_conv1
551,19,11,block1_conv1
552,19,12,block1_conv1
553,19,13,block1_conv1
554,19,14,block1_conv1
555,19,15,block1_conv1
556,19,16,block1_conv1
557,19,17,block1_conv1
558,19,18,block1_conv1
559,19,19,block1_conv1
560,19,20,block1_conv1
561,19,21,block1_conv1
562,19,22,block1_conv1
563,19,23,block1_conv1
564,19,24,block1_conv1
565,19,25,block1_conv1
566,19,26,block1_conv1
567,19,27,block1_conv1
568,19,28,block1_conv1
569,19,29,block1_conv1
570,19,30,block1_conv1
571,20,1,block1_conv1
572,20,2,block1_conv1
573,20,3,block1_conv1
574,20,4,block1_conv1
575,20,5,block1_conv1
576,20,6,block1_conv1
577,20,7,block1_conv1
578,20,8,block1_conv1
579,20,9,block1_conv1
580,20,10,block1_conv1
581,20,11,block1_conv1
582,20,12,block1_conv1
583,20,13,block1_conv1
584,20,14,block1_conv1
585,20,15,block1_conv1
586,20,16,block1_conv1
587,20,17,block1_conv1
588,20,18,block1_conv1
589,20,19,block1_conv1
590,20,20,block1_conv1
591,20,21,block1_conv1
592,20,22,block1_conv1
593,20,23,block1_conv1
594,20,24,block1_conv1
595,20,25,block1_conv1
596,20,26,block1_conv1
597,20,27,block1_conv1
598,20,28,block1_conv1
599,20,29,block1_conv1
600,20,30,block1_conv1
601,21,1,block1_conv1
602,21,2,block1_conv1
603,21,3,block1_conv1
604,21,4,block1_conv1
605,21,5,block1_conv1
606,21,6,block1_conv1
607,21,7,block1_conv1
608,21,8,block1_conv1
609,21,9,block1_conv1
610,21,10,block1_conv1
611,21,11,block1_conv1
612,21,12,block1_conv1
613,21,13,block1_conv1
614,21,14,block1_conv1
615,21,15,block1_conv1
616,21,16,block1_conv1
617,21,17,block1_conv1
618,21,18,block1_conv1
619,21,19,block1_conv1
620,21,20,block1_conv1
621,21,21,block1_conv1
622,21,22,block1_conv1
623,21,23,block1_conv1
624,21,24,block1_conv1
625,21,25,block1_conv1
626,21,26,block1_conv1
627,21,27,block1_conv1
628,21,28,block1_conv1
629,21,29,block1_conv1
630,21,30,block1_conv1
631,22,1,block1_conv1
632,22,2,block1_conv1
633,22,3,block1_conv1
634,22,4,block1_conv1
635,22,5,block1_conv1
636,22,6,block1_conv1
637,22,7,block1_conv1
638,22,8,block1_conv1
639,22,9,block1_conv1
640,22,10,block1_conv1
641,22,11,block1_conv1
642,22,12,block1_conv1
643,22,13,block1_conv1
644,22,14,block1_conv1
645,22,15,block1_conv1
646,22,16,block1_conv1
647,22,17,block1_conv1
648,22,18,block1_conv1
649,22,19,block1_conv1
650,22,20,block1_conv1
651,22,21,block1_conv1
652,22,22,block1_conv1
653,22,23,block1_conv1
654,22,24,block1_conv1
655,22,25,block1_conv1
656,22,26,block1_conv1
657,22,27,block1_conv1
658,22,28,block1_conv1
659,22,29,block1_conv1
660,22,30,block1_conv1
661,23,1,block1_conv1
662,23,2,block1_conv1
663,23,3,block1_conv1
664,23,4,block1_conv1
665,23,5,block1_conv1
666,23,6,block1_conv1
667,23,7,block1_conv1
668,23,8,block1_conv1
669,23,9,block1_conv1
670,23,10,block1_conv1
671,23,11,block1_conv1
672,23,12,block1_conv1
673,23,13,block1_conv1
674,23,14,block1_conv1
675,23,15,block1_conv1
676,23,16,block1_conv1
677,23,17,block1_conv1
678,23,18,block1_conv1
679,23,19,block1_conv1
680,23,20,block1_conv1
681,23,21,block1_conv1
682,23,22,block1_conv1
683,23,23,block1_conv1
684,23,24,block1_conv1
685,23,25,block1_conv1
686,23,26,block1_conv1
687,23,27,block1_conv1
688,23,28,block1_conv1
689,23,29,block1_conv1
690,23,30,block1_conv1
691,24,1,block1_conv1
692,24,2,block1_conv1
693,24,3,block1_conv1
694,24,4,block1_conv1
695,24,5,block1_conv1
696,24,6,block1_conv1
697,24,7,block1_conv1
698,24,8,block1_conv1
699,24,9,block1_conv1
700,24,10,block1_conv1
701,24,11,block1_conv1
702,24,12,block1_conv1
703,24,13,block1_conv1
704,24,14,block1_conv1
705,24,15,block1_conv1
706,24,16,block1_conv1
707,24,17,block1_conv1
708,24,18,block1_conv1
709,24,19,block1_conv1
710,24,20,block1_conv1
711,24,21,block1_conv1
712,24,22,block1_conv1
713,24,23,block1_conv1
714,24,24,block1_conv1
715,24,25,block1_conv1
716,24,26,block1_conv1
717,24,27,block1_conv1
718,24,28,block1_conv1
719,24,29,block1_conv1
720,24,30,block1_conv1
721,25,1,block1_conv1
722,25,2,block1_conv1
723,25,3,block1_conv1
724,25,4,block1_conv1
725,25,5,block1_conv1
726,25,6,block1_conv1
727,25,7,block1_conv1
728,25,8,block1_conv1
729,25,9,block1_conv1
730,25,10,block1_conv1
731,25,11,block1_conv1
732,25,12,block1_conv1
733,25,13,block1_conv1
734,25,14,block1_conv1
735,25,15,block1_conv1
736,25,16,block1_conv1
737,25,17,block1_conv1
738,25,18,block1_conv1
739,25,19,block1_conv1
740,25,20,block1_conv1
741,25,21,block1_conv1
742,25,22,block1_conv1
743,25,23,block1_conv1
744,25,24,block1_conv1
745,25,25,block1_conv1
746,25,26,block1_conv1
747,25,27,block1_conv1
748,25,28,block1_conv1
749,25,29,block1_conv1
750,25,30,block1_conv1
751,26,1,block1_conv1
752,26,2,block1_conv1
753,26,3,block1_conv1
754,26,4,block1_conv1
755,26,5,block1_conv1
756,26,6,block1_conv1
757,26,7,block1_conv1
758,26,8,block1_conv1
759,26,9,block1_conv1
760,26,10,block1_conv1
761,26,11,block1_conv1
762,26,12,block1_conv1
763,26,13,block1_conv1
764,26,14,block1_conv1
765,26,15,block1_conv1
766,26,16,block1_conv1
767,26,17,block1_conv1
768,26,18,block1_conv1
769,26,19,block1_conv1
770,26,20,block1_conv1
771,26,21,block1_conv1
772,26,22,block1_conv1
773,26,23,block1_conv1
774,26,24,block1_conv1
775,26,25,block1_conv1
776,26,26,block1_conv1
777,26,27,block1_conv1
778,26,28,block1_conv1
779,26,29,block1_conv1
780,26,30,block1_conv1
781,27,1,block1_conv1
782,27,2,block1_conv1
783,27,3,block1_conv1
784,27,4,block1_conv1
785,27,5,block1_conv1
786,27,6,block1_conv1
787,27,7,block1_conv1
788,27,8,block1_conv1
789,27,9,block1_conv1
790,27,10,block1_conv1
791,27,11,block1_conv1
792,27,12,block1_conv1
793,27,13,block1_conv1
794,27,14,block1_conv1
795,27,15,block1_conv1
796,27,16,block1_conv1
797,27,17,block1_conv1
798,27,18,block1_conv1
799,27,19,block1_conv1
800,27,20,block1_conv1
801,27,21,block1_conv1
802,27,22,block1_conv1
803,27,23,block1_conv1
804,27,24,block1_conv1
805,27,25,block1_conv1
806,27,26,block1_conv1
807,27,27,block1_conv1
808,27,28,block1_conv1
809,27,29,block1_conv1
810,27,30,block1_conv1
811,28,1,block1_conv1
812,28,2,block1_conv1
813,28,3,block1_conv1
814,28,4,block1_conv1
815,28,5,block1_conv1
816,28,6,block1_conv1
817,28,7,block1_conv1
818,28,8,block1_conv1
819,28,9,block1_conv1
820,28,10,block1_conv1
821,28,11,block1_conv1
822,28,12,block1_conv1
823,28,13,block1_conv1
824,28,14,block1_conv1
825,28,15,block1_conv1
826,28,16,block1_conv1
827,28,17,block1_conv1
828,28,18,block1_conv1
829,28,19,block1_conv1
830,28,20,block1_conv1
831,28,21,block1_conv1
832,28,22,block1_conv1
833,28,23,block1_conv1
834,28,24,block1_conv1
835,28,25,block1_conv1
836,28,26,block1_conv1
837,28,27,block1_conv1
838,28,28,block1_conv1
839,28,29,block1_conv1
840,28,30,block1_conv1
841,29,1,block1_conv1
842,29,2,block1_conv1
843,29,3,block1_conv1
844,29,4,block1_conv1
845,29,5,block1_conv1
846,29,6,block1_conv1
847,29,7,block1_conv1
848,29,8,block1_conv1
849,29,9,block1_conv1
850,29,10,block1_conv1
851,29,11,block1_conv1
852,29,12,block1_conv1
853,29,13,block1_conv1
854,29,14,block1_conv1
855,29,15,block1_conv1
856,29,16,block1_conv1
857,29,17,block1_conv1
858,29,18,block1_conv1
859,29,19,block1_conv1
860,29,20,block1_conv1
861,29,21,block1_conv1
862,29,22,block1_conv1
863,29,23,block1_conv1
864,29,24,block1_conv1
865,29,25,block1_conv1
866,29,26,block1_conv1
867,29,27,block1_conv1
868,29,28,block1_conv1
869,29,29,block1_conv1
870,29,30,block1_conv1
871,30,1,block1_conv1
872,30,2,block1_conv1
873,30,3,block1_conv1
874,30,4,block1_conv1
875,30,5,block1_conv1
876,30,6,block1_conv1
877,30,7,block1_conv1
878,30,8,block1_conv1
879,30,9,block1_conv1
880,30,10,block1_conv1
881,30,11,block1_conv1
882,30,12,block1_conv1
883,30,13,block1_conv1
884,30,14,block1_conv1
885,30,15,block1_conv1
886,30,16,block1_conv1
887,30,17,block1_conv1
888,30,18,block1_conv1
889,30,19,block1_conv1
890,30,20,block1_conv1
891,30,21,block1_conv1
892,30,22,block1_conv1
893,30,23,block1_conv1
894,30,24,block1_conv1
895,30,25,block1_conv1
896,30,26,block1_conv1
897,30,27,block1_conv1
898,30,28,block1_conv1
899,30,29,block1_conv1
900,30,30,block1_conv1
901,1,1,block1_conv2
902,1,2,block1_conv2
903,1,3,block1_conv2
904,1,4,block1_conv2
905,1,5,block1_conv2
906,1,6,block1_conv2
907,1,7,block1_conv2
908,1,8,block1_conv2
909,1,9,block1_conv2
910,1,10,block1_conv2
911,1,11,block1_conv2
912,1,12,block1_conv2
913,1,13,block1_conv2
914,1,14,block1_conv2
915,1,15,block1_conv2
916,1,16,block1_conv2
917,1,17,block1_conv2
918,1,18,block1_conv2
919,1,19,block1_conv2
920,1,20,block1_conv2
921,1,21,block1_conv2
922,1,22,block1_conv2
923,1,23,block1_conv2
924,1,24,block1_conv2
925,1,25,block1_conv2
926,1,26,block1_conv2
927,1,27,block1_conv2
928,1,28,block1_conv2
929,1,29,block1_conv2
930,1,30,block1_conv2
931,2,1,block1_conv2
932,2,2,block1_conv2
933,2,3,block1_conv2
934,2,4,block1_conv2
935,2,5,block1_conv2
936,2,6,block1_conv2
937,2,7,block1_conv2
938,2,8,block1_conv2
939,2,9,block1_conv2
940,2,10,block1_conv2
941,2,11,block1_conv2
942,2,12,block1_conv2
943,2,13,block1_conv2
944,2,14,block1_conv2
945,2,15,block1_conv2
946,2,16,block1_conv2
947,2,17,block1_conv2
948,2,18,block1_conv2
949,2,19,block1_conv2
950,2,20,block1_conv2
951,2,21,block1_conv2
952,2,22,block1_conv2
953,2,23,block1_conv2
954,2,24,block1_conv2
955,2,25,block1_conv2
956,2,26,block1_conv2
957,2,27,block1_conv2
958,2,28,block1_conv2
959,2,29,block1_conv2
960,2,30,block1_conv2
961,3,1,block1_conv2
962,3,2,block1_conv2
963,3,3,block1_conv2
964,3,4,block1_conv2
965,3,5,block1_conv2
966,3,6,block1_conv2
967,3,7,block1_conv2
968,3,8,block1_conv2
969,3,9,block1_conv2
970,3,10,block1_conv2
971,3,11,block1_conv2
972,3,12,block1_conv2
973,3,13,block1_conv2
974,3,14,block1_conv2
975,3,15,block1_conv2
976,3,16,block1_conv2
977,3,17,block1_conv2
978,3,18,block1_conv2
979,3,19,block1_conv2
980,3,20,block1_conv2
981,3,21,block1_conv2
982,3,22,block1_conv2
983,3,23,block1_conv2
984,3,24,block1_conv2
985,3,25,block1_conv2
986,3,26,block1_conv2
987,3,27,block1_conv2
988,3,28,block1_conv2
989,3,29,block1_conv2
990,3,30,block1_conv2
991,4,1,block1_conv2
992,4,2,block1_conv2
993,4,3,block1_conv2
994,4,4,block1_conv2
995,4,5,block1_conv2
996,4,6,block1_conv2
997,4,7,block1_conv2
998,4,8,block1_conv2
999,4,9,block1_conv2
1000,4,10,block1_conv2
1001,4,11,block1_conv2
1002,4,12,block1_conv2
1003,4,13,block1_conv2
1004,4,14,block1_conv2
1005,4,15,block1_conv2
1006,4,16,block1_conv2
1007,4,17,block1_conv2
1008,4,18,block1_conv2
1009,4,19,block1_conv2
1010,4,20,block1_conv2
1011,4,21,block1_conv2
1012,4,22,block1_conv2
1013,4,23,block1_conv2
1014,4,24,block1_conv2
1015,4,25,block1_conv2
1016,4,26,block1_conv2
1017,4,27,block1_conv2
1018,4,28,block1_conv2
1019,4,29,block1_conv2
1020,4,30,block1_conv2
1021,5,1,block1_conv2
1022,5,2,block1_conv2
1023,5,3,block1_conv2
1024,5,4,block1_conv2
1025,5,5,block1_conv2
1026,5,6,block1_conv2
1027,5,7,block1_conv2
1028,5,8,block1_conv2
1029,5,9,block1_conv2
1030,5,10,block1_conv2
1031,5,11,block1_conv2
1032,5,12,block1_conv2
1033,5,13,block1_conv2
1034,5,14,block1_conv2
1035,5,15,block1_conv2
1036,5,16,block1_conv2
1037,5,17,block1_conv2
1038,5,18,block1_conv2
1039,5,19,block1_conv2
1040,5,20,block1_conv2
1041,5,21,block1_conv2
1042,5,22,block1_conv2
1043,5,23,block1_conv2
1044,5,24,block1_conv2
1045,5,25,block1_conv2
1046,5,26,block1_conv2
1047,5,27,block1_conv2
1048,5,28,block1_conv2
1049,5,29,block1_conv2
1050,5,30,block1_conv2
1051,6,1,block1_conv2
1052,6,2,block1_conv2
1053,6,3,block1_conv2
1054,6,4,block1_conv2
1055,6,5,block1_conv2
1056,6,6,block1_conv2
1057,6,7,block1_conv2
1058,6,8,block1_conv2
1059,6,9,block1_conv2
1060,6,10,block1_conv2
1061,6,11,block1_conv2
1062,6,12,block1_conv2
1063,6,13,block1_conv2
1064,6,14,block1_conv2
1065,6,15,block1_conv2
1066,6,16,block1_conv2
1067,6,17,block1_conv2
1068,6,18,block1_conv2
1069,6,19,block1_conv2
1070,6,20,block1_conv2
1071,6,21,block1_conv2
1072,6,22,block1_conv2
1073,6,23,block1_conv2
1074,6,24,block1_conv2
1075,6,25,block1_conv2
1076,6,26,block1_conv2
1077,6,27,block1_conv2
1078,6,28,block1_conv2
1079,6,29,block1_conv2
1080,6,30,block1_conv2
1081,7,1,block1_conv2
1082,7,2,block1_conv2
1083,7,3,block1_conv2
1084,7,4,block1_conv2
1085,7,5,block1_conv2
1086,7,6,block1_conv2
1087,7,7,block1_conv2
1088,7,8,block1_conv2
1089,7,9,block1_conv2
1090,7,10,block1_conv2
1091,7,11,block1_conv2
1092,7,12,block1_conv2
1093,7,13,block1_conv2
1094,7,14,block1_conv2
1095,7,15,block1_conv2
1096,7,16,block1_conv2
1097,7,17,block1_conv2
1098,7,18,block1_conv2
1099,7,19,block1_conv2
1100,7,20,block1_conv2
1101,7,21,block1_conv2
1102,7,22,block1_conv2
1103,7,23,block1_conv2
1104,7,24,block1_conv2
1105,7,25,block1_conv2
1106,7,26,block1_conv2
1107,7,27,block1_conv2
1108,7,28,block1_conv2
1109,7,29,block1_conv2
1110,7,30,block1_conv2
1111,8,1,block1_conv2
1112,8,2,block1_conv2
1113,8,3,block1_conv2
1114,8,4,block1_conv2
1115,8,5,block1_conv2
1116,8,6,block1_conv2
1117,8,7,block1_conv2
1118,8,8,block1_conv2
1119,8,9,block1_conv2
1120,8,10,block1_conv2
1121,8,11,block1_conv2
1122,8,12,block1_conv2
1123,8,13,block1_conv2
1124,8,14,block1_conv2
1125,8,15,block1_conv2
1126,8,16,block1_conv2
1127,8,17,block1_conv2
1128,8,18,block1_conv2
1129,8,19,block1_conv2
1130,8,20,block1_conv2
1131,8,21,block1_conv2
1132,8,22,block1_conv2
1133,8,23,block1_conv2
1134,8,24,block1_conv2
1135,8,25,block1_conv2
1136,8,26,block1_conv2
1137,8,27,block1_conv2
1138,8,28,block1_conv2
1139,8,29,block1_conv2
1140,8,30,block1_conv2
1141,9,1,block1_conv2
1142,9,2,block1_conv2
1143,9,3,block1_conv2
1144,9,4,block1_conv2
1145,9,5,block1_conv2
1146,9,6,block1_conv2
1147,9,7,block1_conv2
1148,9,8,block1_conv2
1149,9,9,block1_conv2
1150,9,10,block1_conv2
1151,9,11,block1_conv2
1152,9,12,block1_conv2
1153,9,13,block1_conv2
1154,9,14,block1_conv2
1155,9,15,block1_conv2
1156,9,16,block1_conv2
1157,9,17,block1_conv2
1158,9,18,block1_conv2
1159,9,19,block1_conv2
1160,9,20,block1_conv2
1161,9,21,block1_conv2
1162,9,22,block1_conv2
1163,9,23,block1_conv2
1164,9,24,block1_conv2
1165,9,25,block1_conv2
1166,9,26,block1_conv2
1167,9,27,block1_conv2
1168,9,28,block1_conv2
1169,9,29,block1_conv2
1170,9,30,block1_conv2
1171,10,1,block1_conv2
1172,10,2,block1_conv2
1173,10,3,block1_conv2
1174,10,4,block1_conv2
1175,10,5,block1_conv2
1176,10,6,block1_conv2
1177,10,7,block1_conv2
1178,10,8,block1_conv2
1179,10,9,block1_conv2
1180,10,10,block1_conv2
1181,10,11,block1_conv2
1182,10,12,block1_conv2
1183,10,13,block1_conv2
1184,10,14,block1_conv2
1185,10,15,block1_conv2
1186,10,16,block1_conv2
1187,10,17,block1_conv2
1188,10,18,block1_conv2
1189,10,19,block1_conv2
1190,10,20,block1_conv2
1191,10,21,block1_conv2
1192,10,22,block1_conv2
1193,10,23,block1_conv2
1194,10,24,block1_conv2
1195,10,25,block1_conv2
1196,10,26,block1_conv2
1197,10,27,block1_conv2
1198,10,28,block1_conv2
1199,10,29,block1_conv2
1200,10,30,block1_conv2
1201,11,1,block1_conv2
1202,11,2,block1_conv2
1203,11,3,block1_conv2
1204,11,4,block1_conv2
1205,11,5,block1_conv2
1206,11,6,block1_conv2
1207,11,7,block1_conv2
1208,11,8,block1_conv2
1209,11,9,block1_conv2
1210,11,10,block1_conv2
1211,11,11,block1_conv2
1212,11,12,block1_conv2
1213,11,13,block1_conv2
1214,11,14,block1_conv2
1215,11,15,block1_conv2
1216,11,16,block1_conv2
1217,11,17,block1_conv2
1218,11,18,block1_conv2
1219,11,19,block1_conv2
1220,11,20,block1_conv2
1221,11,21,block1_conv2
1222,11,22,block1_conv2
1223,11,23,block1_conv2
1224,11,24,block1_conv2
1225,11,25,block1_conv2
1226,11,26,block1_conv2
1227,11,27,block1_conv2
1228,11,28,block1_conv2
1229,11,29,block1_conv2
1230,11,30,block1_conv2
1231,12,1,block1_conv2
1232,12,2,block1_conv2
1233,12,3,block1_conv2
1234,12,4,block1_conv2
1235,12,5,block1_conv2
1236,12,6,block1_conv2
1237,12,7,block1_conv2
1238,12,8,block1_conv2
1239,12,9,block1_conv2
1240,12,10,block1_conv2
1241,12,11,block1_conv2
1242,12,12,block1_conv2
1243,12,13,block1_conv2
1244,12,14,block1_conv2
1245,12,15,block1_conv2
1246,12,16,block1_conv2
1247,12,17,block1_conv2
1248,12,18,block1_conv2
1249,12,19,block1_conv2
1250,12,20,block1_conv2
1251,12,21,block1_conv2
1252,12,22,block1_conv2
1253,12,23,block1_conv2
1254,12,24,block1_conv2
1255,12,25,block1_conv2
1256,12,26,block1_conv2
1257,12,27,block1_conv2
1258,12,28,block1_conv2
1259,12,29,block1_conv2
1260,12,30,block1_conv2
1261,13,1,block1_conv2
1262,13,2,block1_conv2
1263,13,3,block1_conv2
1264,13,4,block1_conv2
1265,13,5,block1_conv2
1266,13,6,block1_conv2
1267,13,7,block1_conv2
1268,13,8,block1_conv2
1269,13,9,block1_conv2
1270,13,10,block1_conv2
1271,13,11,block1_conv2
1272,13,12,block1_conv2
1273,13,13,block1_conv2
1274,13,14,block1_conv2
1275,13,15,block1_conv2
1276,13,16,block1_conv2
1277,13,17,block1_conv2
1278,13,18,block1_conv2
1279,13,19,block1_conv2
1280,13,20,block1_conv2
1281,13,21,block1_conv2
1282,13,22,block1_conv2
1283,13,23,block1_conv2
1284,13,24,block1_conv2
1285,13,25,block1_conv2
1286,13,26,block1_conv2
1287,13,27,block1_conv2
1288,13,28,block1_conv2
1289,13,29,block1_conv2
1290,13,30,block1_conv2
1291,14,1,block1_conv2
1292,14,2,block1_conv2
1293,14,3,block1_conv2
1294,14,4,block1_conv2
1295,14,5,block1_conv2
1296,14,6,block1_conv2
1297,14,7,block1_conv2
1298,14,8,block1_conv2
1299,14,9,block1_conv2
1300,14,10,block1_conv2
1301,14,11,block1_conv2
1302,14,12,block1_conv2
1303,14,13,block1_conv2
1304,14,14,block1_conv2
1305,14,15,block1_conv2
1306,14,16,block1_conv2
1307,14,17,block1_conv2
1308,14,18,block1_conv2
1309,14,19,block1_conv2
1310,14,20,block1_conv2
1311,14,21,block1_conv2
1312,14,22,block1_conv2
1313,14,23,block1_conv2
1314,14,24,block1_conv2
1315,14,25,block1_conv2
1316,14,26,block1_conv2
1317,14,27,block1_conv2
1318,14,28,block1_conv2
1319,14,29,block1_conv2
1320,14,30,block1_conv2
1321,15,1,block1_conv2
1322,15,2,block1_conv2
1323,15,3,block1_conv2
1324,15,4,block1_conv2
1325,15,5,block1_conv2
1326,15,6,block1_conv2
1327,15,7,block1_conv2
1328,15,8,block1_conv2
1329,15,9,block1_conv2
1330,15,10,block1_conv2
1331,15,11,block1_conv2
1332,15,12,block1_conv2
1333,15,13,block1_conv2
1334,15,14,block1_conv2
1335,15,15,block1_conv2
1336,15,16,block1_conv2
1337,15,17,block1_conv2
1338,15,18,block1_conv2
1339,15,19,block1_conv2
1340,15,20,block1_conv2
1341,15,21,block1_conv2
1342,15,22,block1_conv2
1343,15,23,block1_conv2
1344,15,24,block1_conv2
1345,15,25,block1_conv2
1346,15,26,block1_conv2
1347,15,27,block1_conv2
1348,15,28,block1_conv2
1349,15,29,block1_conv2
1350,15,30,block1_conv2
1351,16,1,block1_conv2
1352,16,2,block1_conv2
1353,16,3,block1_conv2
1354,16,4,block1_conv2
1355,16,5,block1_conv2
1356,16,6,block1_conv2
1357,16,7,block1_conv2
1358,16,8,block1_conv2
1359,16,9,block1_conv2
1360,16,10,block1_conv2
1361,16,11,block1_conv2
1362,16,12,block1_conv2
1363,16,13,block1_conv2
1364,16,14,block1_conv2
1365,16,15,block1_conv2
1366,16,16,block1_conv2
1367,16,17,block1_conv2
1368,16,18,block1_conv2
1369,16,19,block1_conv2
1370,16,20,block1_conv2
1371,16,21,block1_conv2
1372,16,22,block1_conv2
1373,16,23,block1_conv2
1374,16,24,block1_conv2
1375,16,25,block1_conv2
1376,16,26,block1_conv2
1377,16,27,block1_conv2
1378,16,28,block1_conv2
1379,16,29,block1_conv2
1380,16,30,block1_conv2
1381,17,1,block1_conv2
1382,17,2,block1_conv2
1383,17,3,block1_conv2
1384,17,4,block1_conv2
1385,17,5,block1_conv2
1386,17,6,block1_conv2
1387,17,7,block1_conv2
1388,17,8,block1_conv2
1389,17,9,block1_conv2
1390,17,10,block1_conv2
1391,17,11,block1_conv2
1392,17,12,block1_conv2
1393,17,13,block1_conv2
1394,17,14,block1_conv2
1395,17,15,block1_conv2
1396,17,16,block1_conv2
1397,17,17,block1_conv2
1398,17,18,block1_conv2
1399,17,19,block1_conv2
1400,17,20,block1_conv2
1401,17,21,block1_conv2
1402,17,22,block1_conv2
1403,17,23,block1_conv2
1404,17,24,block1_conv2
1405,17,25,block1_conv2
1406,17,26,block1_conv2
1407,17,27,block1_conv2
1408,17,28,block1_conv2
1409,17,29,block1_conv2
1410,17,30,block1_conv2
1411,18,1,block1_conv2
1412,18,2,block1_conv2
1413,18,3,block1_conv2
1414,18,4,block1_conv2
1415,18,5,block1_conv2
1416,18,6,block1_conv2
1417,18,7,block1_conv2
1418,18,8,block1_conv2
1419,18,9,block1_conv2
1420,18,10,block1_conv2
1421,18,11,block1_conv2
1422,18,12,block1_conv2
1423,18,13,block1_conv2
1424,18,14,block1_conv2
1425,18,15,block1_conv2
1426,18,16,block1_conv2
1427,18,17,block1_conv2
1428,18,18,block1_conv2
1429,18,19,block1_conv2
1430,18,20,block1_conv2
1431,18,21,block1_conv2
1432,18,22,block1_conv2
1433,18,23,block1_conv2
1434,18,24,block1_conv2
1435,18,25,block1_conv2
1436,18,26,block1_conv2
1437,18,27,block1_conv2
1438,18,28,block1_conv2
1439,18,29,block1_conv2
1440,18,30,block1_conv2
1441,19,1,block1_conv2
1442,19,2,block1_conv2
1443,19,3,block1_conv2
1444,19,4,block1_conv2
1445,19,5,block1_conv2
1446,19,6,block1_conv2
1447,19,7,block1_conv2
1448,19,8,block1_conv2
1449,19,9,block1_conv2
1450,19,10,block1_conv2
1451,19,11,block1_conv2
1452,19,12,block1_conv2
1453,19,13,block1_conv2
1454,19,14,block1_conv2
1455,19,15,block1_conv2
1456,19,16,block1_conv2
1457,19,17,block1_conv2
1458,19,18,block1_conv2
1459,19,19,block1_conv2
1460,19,20,block1_conv2
1461,19,21,block1_conv2
1462,19,22,block1_conv2
1463,19,23,block1_conv2
1464,19,24,block1_conv2
1465,19,25,block1_conv2
1466,19,26,block1_conv2
1467,19,27,block1_conv2
1468,19,28,block1_conv2
1469,19,29,block1_conv2
1470,19,30,block1_conv2
1471,20,1,block1_conv2
1472,20,2,block1_conv2
1473,20,3,block1_conv2
1474,20,4,block1_conv2
1475,20,5,block1_conv2
1476,20,6,block1_conv2
1477,20,7,block1_conv2
1478,20,8,block1_conv2
1479,20,9,block1_conv2
1480,20,10,block1_conv2
1481,20,11,block1_conv2
1482,20,12,block1_conv2
1483,20,13,block1_conv2
1484,20,14,block1_conv2
1485,20,15,block1_conv2
1486,20,16,block1_conv2
1487,20,17,block1_conv2
1488,20,18,block1_conv2
1489,20,19,block1_conv2
1490,20,20,block1_conv2
1491,20,21,block1_conv2
1492,20,22,block1_conv2
1493,20,23,block1_conv2
1494,20,24,block1_conv2
1495,20,25,block1_conv2
1496,20,26,block1_conv2
1497,20,27,block1_conv2
1498,20,28,block1_conv2
1499,20,29,block1_conv2
1500,20,30,block1_conv2
1501,21,1,block1_conv2
1502,21,2,block1_conv2
1503,21,3,block1_conv2
1504,21,4,block1_conv2
1505,21,5,block1_conv2
1506,21,6,block1_conv2
1507,21,7,block1_conv2
1508,21,8,block1_conv2
1509,21,9,block1_conv2
1510,21,10,block1_conv2
1511,21,11,block1_conv2
1512,21,12,block1_conv2
1513,21,13,block1_conv2
1514,21,14,block1_conv2
1515,21,15,block1_conv2
1516,21,16,block1_conv2
1517,21,17,block1_conv2
1518,21,18,block1_conv2
1519,21,19,block1_conv2
1520,21,20,block1_conv2
1521,21,21,block1_conv2
1522,21,22,block1_conv2
1523,21,23,block1_conv2
1524,21,24,block1_conv2
1525,21,25,block1_conv2
1526,21,26,block1_conv2
1527,21,27,block1_conv2
1528,21,28,block1_conv2
1529,21,29,block1_conv2
1530,21,30,block1_conv2
1531,22,1,block1_conv2
1532,22,2,block1_conv2
1533,22,3,block1_conv2
1534,22,4,block1_conv2
1535,22,5,block1_conv2
1536,22,6,block1_conv2
1537,22,7,block1_conv2
1538,22,8,block1_conv2
1539,22,9,block1_conv2
1540,22,10,block1_conv2
1541,22,11,block1_conv2
1542,22,12,block1_conv2
1543,22,13,block1_conv2
1544,22,14,block1_conv2
1545,22,15,block1_conv2
1546,22,16,block1_conv2
1547,22,17,block1_conv2
1548,22,18,block1_conv2
1549,22,19,block1_conv2
1550,22,20,block1_conv2
1551,22,21,block1_conv2
1552,22,22,block1_conv2
1553,22,23,block1_conv2
1554,22,24,block1_conv2
1555,22,25,block1_conv2
1556,22,26,block1_conv2
1557,22,27,block1_conv2
1558,22,28,block1_conv2
1559,22,29,block1_conv2
1560,22,30,block1_conv2
1561,23,1,block1_conv2
1562,23,2,block1_conv2
1563,23,3,block1_conv2
1564,23,4,block1_conv2
1565,23,5,block1_conv2
1566,23,6,block1_conv2
1567,23,7,block1_conv2
1568,23,8,block1_conv2
1569,23,9,block1_conv2
1570,23,10,block1_conv2
1571,23,11,block1_conv2
1572,23,12,block1_conv2
1573,23,13,block1_conv2
1574,23,14,block1_conv2
1575,23,15,block1_conv2
1576,23,16,block1_conv2
1577,23,17,block1_conv2
1578,23,18,block1_conv2
1579,23,19,block1_conv2
1580,23,20,block1_conv2
1581,23,21,block1_conv2
1582,23,22,block1_conv2
1583,23,23,block1_conv2
1584,23,24,block1_conv2
1585,23,25,block1_conv2
1586,23,26,block1_conv2
1587,23,27,block1_conv2
1588,23,28,block1_conv2
1589,23,29,block1_conv2
1590,23,30,block1_conv2
1591,24,1,block1_conv2
1592,24,2,block1_conv2
1593,24,3,block1_conv2
1594,24,4,block1_conv2
1595,24,5,block1_conv2
1596,24,6,block1_conv2
1597,24,7,block1_conv2
1598,24,8,block1_conv2
1599,24,9,block1_conv2
1600,24,10,block1_conv2
1601,24,11,block1_conv2
1602,24,12,block1_conv2
1603,24,13,block1_conv2
1604,24,14,block1_conv2
1605,24,15,block1_conv2
1606,24,16,block1_conv2
1607,24,17,block1_conv2
1608,24,18,block1_conv2
1609,24,19,block1_conv2
1610,24,20,block1_conv2
1611,24,21,block1_conv2
1612,24,22,block1_conv2
1613,24,23,block1_conv2
1614,24,24,block1_conv2
1615,24,25,block1_conv2
1616,24,26,block1_conv2
1617,24,27,block1_conv2
1618,24,28,block1_conv2
1619,24,29,block1_conv2
1620,24,30,block1_conv2
1621,25,1,block1_conv2
1622,25,2,block1_conv2
1623,25,3,block1_conv2
1624,25,4,block1_conv2
1625,25,5,block1_conv2
1626,25,6,block1_conv2
1627,25,7,block1_conv2
1628,25,8,block1_conv2
1629,25,9,block1_conv2
1630,25,10,block1_conv2
1631,25,11,block1_conv2
1632,25,12,block1_conv2
1633,25,13,block1_conv2
1634,25,14,block1_conv2
1635,25,15,block1_conv2
1636,25,16,block1_conv2
1637,25,17,block1_conv2
1638,25,18,block1_conv2
1639,25,19,block1_conv2
1640,25,20,block1_conv2
1641,25,21,block1_conv2
1642,25,22,block1_conv2
1643,25,23,block1_conv2
1644,25,24,block1_conv2
1645,25,25,block1_conv2
1646,25,26,block1_conv2
1647,25,27,block1_conv2
1648,25,28,block1_conv2
1649,25,29,block1_conv2
1650,25,30,block1_conv2
1651,26,1,block1_conv2
1652,26,2,block1_conv2
1653,26,3,block1_conv2
1654,26,4,block1_conv2
1655,26,5,block1_conv2
1656,26,6,block1_conv2
1657,26,7,block1_conv2
1658,26,8,block1_conv2
1659,26,9,block1_conv2
1660,26,10,block1_conv2
1661,26,11,block1_conv2
1662,26,12,block1_conv2
1663,26,13,block1_conv2
1664,26,14,block1_conv2
1665,26,15,block1_conv2
1666,26,16,block1_conv2
1667,26,17,block1_conv2
1668,26,18,block1_conv2
1669,26,19,block1_conv2
1670,26,20,block1_conv2
1671,26,21,block1_conv2
1672,26,22,block1_conv2
1673,26,23,block1_conv2
1674,26,24,block1_conv2
1675,26,25,block1_conv2
1676,26,26,block1_conv2
1677,26,27,block1_conv2
1678,26,28,block1_conv2
1679,26,29,block1_conv2
1680,26,30,block1_conv2
1681,27,1,block1_conv2
1682,27,2,block1_conv2
1683,27,3,block1_conv2
1684,27,4,block1_conv2
1685,27,5,block1_conv2
1686,27,6,block1_conv2
1687,27,7,block1_conv2
1688,27,8,block1_conv2
1689,27,9,block1_conv2
1690,27,10,block1_conv2
1691,27,11,block1_conv2
1692,27,12,block1_conv2
1693,27,13,block1_conv2
1694,27,14,block1_conv2
1695,27,15,block1_conv2
1696,27,16,block1_conv2
1697,27,17,block1_conv2
1698,27,18,block1_conv2
1699,27,19,block1_conv2
1700,27,20,block1_conv2
1701,27,21,block1_conv2
1702,27,22,block1_conv2
1703,27,23,block1_conv2
1704,27,24,block1_conv2
1705,27,25,block1_conv2
1706,27,26,block1_conv2
1707,27,27,block1_conv2
1708,27,28,block1_conv2
1709,27,29,block1_conv2
1710,27,30,block1_conv2
1711,28,1,block1_conv2
1712,28,2,block1_conv2
1713,28,3,block1_conv2
1714,28,4,block1_conv2
1715,28,5,block1_conv2
1716,28,6,block1_conv2
1717,28,7,block1_conv2
1718,28,8,block1_conv2
1719,28,9,block1_conv2
1720,28,10,block1_conv2
1721,28,11,block1_conv2
1722,28,12,block1_conv2
1723,28,13,block1_conv2
1724,28,14,block1_conv2
1725,28,15,block1_conv2
1726,28,16,block1_conv2
1727,28,17,block1_conv2
1728,28,18,block1_conv2
1729,28,19,block1_conv2
1730,28,20,block1_conv2
1731,28,21,block1_conv2
1732,28,22,block1_conv2
1733,28,23,block1_conv2
1734,28,24,block1_conv2
1735,28,25,block1_conv2
1736,28,26,block1_conv2
1737,28,27,block1_conv2
1738,28,28,block1_conv2
1739,28,29,block1_conv2
1740,28,30,block1_conv2
1741,29,1,block1_conv2
1742,29,2,block1_conv2
1743,29,3,block1_conv2
1744,29,4,block1_conv2
1745,29,5,block1_conv2
1746,29,6,block1_conv2
1747,29,7,block1_conv2
1748,29,8,block1_conv2
1749,29,9,block1_conv2
1750,29,10,block1_conv2
1751,29,11,block1_conv2
1752,29,12,block1_conv2
1753,29,13,block1_conv2
1754,29,14,block1_conv2
1755,29,15,block1_conv2
1756,29,16,block1_conv2
1757,29,17,block1_conv2
1758,29,18,block1_conv2
1759,29,19,block1_conv2
1760,29,20,block1_conv2
1761,29,21,block1_conv2
1762,29,22,block1_conv2
1763,29,23,block1_conv2
1764,29,24,block1_conv2
1765,29,25,block1_conv2
1766,29,26,block1_conv2
1767,29,27,block1_conv2
1768,29,28,block1_conv2
1769,29,29,block1_conv2
1770,29,30,block1_conv2
1771,30,1,block1_conv2
1772,30,2,block1_conv2
1773,30,3,block1_conv2
1774,30,4,block1_conv2
1775,30,5,block1_conv2
1776,30,6,block1_conv2
1777,30,7,block1_conv2
1778,30,8,block1_conv2
1779,30,9,block1_conv2
1780,30,10,block1_conv2
1781,30,11,block1_conv2
1782,30,12,block1_conv2
1783,30,13,block1_conv2
1784,30,14,block1_conv2
1785,30,15,block1_conv2
1786,30,16,block1_conv2
1787,30,17,block1_conv2
1788,30,18,block1_conv2
1789,30,19,block1_conv2
1790,30,20,block1_conv2
1791,30,21,block1_conv2
1792,30,22,block1_conv2
1793,30,23,block1_conv2
1794,30,24,block1_conv2
1795,30,25,block1_conv2
1796,30,26,block1_conv2
1797,30,27,block1_conv2
1798,30,28,block1_conv2
1799,30,29,block1_conv2
1800,30,30,block1_conv2
1801,1,1,block2_conv1
1802,1,2,block2_conv1
1803,1,3,block2_conv1
1804,1,4,block2_conv1
1805,1,5,block2_conv1
1806,1,6,block2_conv1
1807,1,7,block2_conv1
1808,1,8,block2_conv1
1809,1,9,block2_conv1
1810,1,10,block2_conv1
1811,1,11,block2_conv1
1812,1,12,block2_conv1
1813,1,13,block2_conv1
1814,1,14,block2_conv1
1815,2,1,block2_conv1
1816,2,2,block2_conv1
1817,2,3,block2_conv1
1818,2,4,block2_conv1
1819,2,5,block2_conv1
1820,2,6,block2_conv1
1821,2,7,block2_conv1
1822,2,8,block2_conv1
1823,2,9,block2_conv1
1824,2,10,block2_conv1
1825,2,11,block2_conv1
1826,2,12,block2_conv1
1827,2,13,block2_conv1
1828,2,14,block2_conv1
1829,3,1,block2_conv1
1830,3,2,block2_conv1
1831,3,3,block2_conv1
1832,3,4,block2_conv1
1833,3,5,block2_conv1
1834,3,6,block2_conv1
1835,3,7,block2_conv1
1836,3,8,block2_conv1
1837,3,9,block2_conv1
1838,3,10,block2_conv1
1839,3,11,block2_conv1
1840,3,12,block2_conv1
1841,3,13,block2_conv1
1842,3,14,block2_conv1
1843,4,1,block2_conv1
1844,4,2,block2_conv1
1845,4,3,block2_conv1
1846,4,4,block2_conv1
1847,4,5,block2_conv1
1848,4,6,block2_conv1
1849,4,7,block2_conv1
1850,4,8,block2_conv1
1851,4,9,block2_conv1
1852,4,10,block2_conv1
1853,4,11,block2_conv1
1854,4,12,block2_conv1
1855,4,13,block2_conv1
1856,4,14,block2_conv1
1857,5,1,block2_conv1
1858,5,2,block2_conv1
1859,5,3,block2_conv1
1860,5,4,block2_conv1
1861,5,5,block2_conv1
1862,5,6,block2_conv1
1863,5,7,block2_conv1
1864,5,8,block2_conv1
1865,5,9,block2_conv1
1866,5,10,block2_conv1
1867,5,11,block2_conv1
1868,5,12,block2_conv1
1869,5,13,block2_conv1
1870,5,14,block2_conv1
1871,6,1,block2_conv1
1872,6,2,block2_conv1
1873,6,3,block2_conv1
1874,6,4,block2_conv1
1875,6,5,block2_conv1
1876,6,6,block2_conv1
1877,6,7,block2_conv1
1878,6,8,block2_conv1
1879,6,9,block2_conv1
1880,6,10,block2_conv1
1881,6,11,block2_conv1
1882,6,12,block2_conv1
1883,6,13,block2_conv1
1884,6,14,block2_conv1
1885,7,1,block2_conv1
1886,7,2,block2_conv1
1887,7,3,block2_conv1
1888,7,4,block2_conv1
1889,7,5,block2_conv1
1890,7,6,block2_conv1
1891,7,7,block2_conv1
1892,7,8,block2_conv1
1893,7,9,block2_conv1
1894,7,10,block2_conv1
1895,7,11,block2_conv1
1896,7,12,block2_conv1
1897,7,13,block2_conv1
1898,7,14,block2_conv1
1899,8,1,block2_conv1
1900,8,2,block2_conv1
1901,8,3,block2_conv1
1902,8,4,block2_conv1
1903,8,5,block2_conv1
1904,8,6,block2_conv1
1905,8,7,block2_conv1
1906,8,8,block2_conv1
1907,8,9,block2_conv1
1908,8,10,block2_conv1
1909,8,11,block2_conv1
1910,8,12,block2_conv1
1911,8,13,block2_conv1
1912,8,14,block2_conv1
1913,9,1,block2_conv1
1914,9,2,block2_conv1
1915,9,3,block2_conv1
1916,9,4,block2_conv1
1917,9,5,block2_conv1
1918,9,6,block2_conv1
1919,9,7,block2_conv1
1920,9,8,block2_conv1
1921,9,9,block2_conv1
1922,9,10,block2_conv1
1923,9,11,block2_conv1
1924,9,12,block2_conv1
1925,9,13,block2_conv1
1926,9,14,block2_conv1
1927,10,1,block2_conv1
1928,10,2,block2_conv1
1929,10,3,block2_conv1
1930,10,4,block2_conv1
1931,10,5,block2_conv1
1932,10,6,block2_conv1
1933,10,7,block2_conv1
1934,10,8,block2_conv1
1935,10,9,block2_conv1
1936,10,10,block2_conv1
1937,10,11,block2_conv1
1938,10,12,block2_conv1
1939,10,13,block2_conv1
1940,10,14,block2_conv1
1941,11,1,block2_conv1
1942,11,2,block2_conv1
1943,11,3,block2_conv1
1944,11,4,block2_conv1
1945,11,5,block2_conv1
1946,11,6,block2_conv1
1947,11,7,block2_conv1
1948,11,8,block2_conv1
1949,11,9,block2_conv1
1950,11,10,block2_conv1
1951,11,11,block2_conv1
1952,11,12,block2_conv1
1953,11,13,block2_conv1
1954,11,14,block2_conv1
1955,12,1,block2_conv1
1956,12,2,block2_conv1
1957,12,3,block2_conv1
1958,12,4,block2_conv1
1959,12,5,block2_conv1
1960,12,6,block2_conv1
1961,12,7,block2_conv1
1962,12,8,block2_conv1
1963,12,9,block2_conv1
1964,12,10,block2_conv1
1965,12,11,block2_conv1
1966,12,12,block2_conv1
1967,12,13,block2_conv1
1968,12,14,block2_conv1
1969,13,1,block2_conv1
1970,13,2,block2_conv1
1971,13,3,block2_conv1
1972,13,4,block2_conv1
1973,13,5,block2_conv1
1974,13,6,block2_conv1
1975,13,7,block2_conv1
1976,13,8,block2_conv1
1977,13,9,block2_conv1
1978,13,10,block2_conv1
1979,13,11,block2_conv1
1980,13,12,block2_conv1
1981,13,13,block2_conv1
1982,13,14,block2_conv1
1983,14,1,block2_conv1
1984,14,2,block2_conv1
1985,14,3,block2_conv1
1986,14,4,block2_conv1
1987,14,5,block2_conv1
1988,14,6,block2_conv1
1989,14,7,block2_conv1
1990,14,8,block2_conv1
1991,14,9,block2_conv1
1992,14,10,block2_conv1
1993,14,11,block2_conv1
1994,14,12,block2_conv1
1995,14,13,block2_conv1
1996,14,14,block2_conv1
1997,1,1,block2_conv2
1998,1,2,block2_conv2
1999,1,3,block2_conv2
2000,1,4,block2_conv2
2001,1,5,block2_conv2
2002,1,6,block2_conv2
2003,1,7,block2_conv2
2004,1,8,block2_conv2
2005,1,9,block2_conv2
2006,1,10,block2_conv2
2007,1,11,block2_conv2
2008,1,12,block2_conv2
2009,1,13,block2_conv2
2010,1,14,block2_conv2
2011,2,1,block2_conv2
2012,2,2,block2_conv2
2013,2,3,block2_conv2
2014,2,4,block2_conv2
2015,2,5,block2_conv2
2016,2,6,block2_conv2
2017,2,7,block2_conv2
2018,2,8,block2_conv2
2019,2,9,block2_conv2
2020,2,10,block2_conv2
2021,2,11,block2_conv2
2022,2,12,block2_conv2
2023,2,13,block2_conv2
2024,2,14,block2_conv2
2025,3,1,block2_conv2
2026,3,2,block2_conv2
2027,3,3,block2_conv2
2028,3,4,block2_conv2
2029,3,5,block2_conv2
2030,3,6,block2_conv2
2031,3,7,block2_conv2
2032,3,8,block2_conv2
2033,3,9,block2_conv2
2034,3,10,block2_conv2
2035,3,11,block2_conv2
2036,3,12,block2_conv2
2037,3,13,block2_conv2
2038,3,14,block2_conv2
2039,4,1,block2_conv2
2040,4,2,block2_conv2
2041,4,3,block2_conv2
2042,4,4,block2_conv2
2043,4,5,block2_conv2
2044,4,6,block2_conv2
2045,4,7,block2_conv2
2046,4,8,block2_conv2
2047,4,9,block2_conv2
2048,4,10,block2_conv2
2049,4,11,block2_conv2
2050,4,12,block2_conv2
2051,4,13,block2_conv2
2052,4,14,block2_conv2
2053,5,1,block2_conv2
2054,5,2,block2_conv2
2055,5,3,block2_conv2
2056,5,4,block2_conv2
2057,5,5,block2_conv2
2058,5,6,block2_conv2
2059,5,7,block2_conv2
2060,5,8,block2_conv2
2061,5,9,block2_conv2
2062,5,10,block2_conv2
2063,5,11,block2_conv2
2064,5,12,block2_conv2
2065,5,13,block2_conv2
2066,5,14,block2_conv2
2067,6,1,block2_conv2
2068,6,2,block2_conv2
2069,6,3,block2_conv2
2070,6,4,block2_conv2
2071,6,5,block2_conv2
2072,6,6,block2_conv2
2073,6,7,block2_conv2
2074,6,8,block2_conv2
2075,6,9,block2_conv2
2076,6,10,block2_conv2
2077,6,11,block2_conv2
2078,6,12,block2_conv2
2079,6,13,block2_conv2
2080,6,14,block2_conv2
2081,7,1,block2_conv2
2082,7,2,block2_conv2
2083,7,3,block2_conv2
2084,7,4,block2_conv2
2085,7,5,block2_conv2
2086,7,6,block2_conv2
2087,7,7,block2_conv2
2088,7,8,block2_conv2
2089,7,9,block2_conv2
2090,7,10,block2_conv2
2091,7,11,block2_conv2
2092,7,12,block2_conv2
2093,7,13,block2_conv2
2094,7,14,block2_conv2
2095,8,1,block2_conv2
2096,8,2,block2_conv2
2097,8,3,block2_conv2
2098,8,4,block2_conv2
2099,8,5,block2_conv2
2100,8,6,block2_conv2
2101,8,7,block2_conv2
2102,8,8,block2_conv2
2103,8,9,block2_conv2
2104,8,10,block2_conv2
2105,8,11,block2_conv2
2106,8,12,block2_conv2
2107,8,13,block2_conv2
2108,8,14,block2_conv2
2109,9,1,block2_conv2
2110,9,2,block2_conv2
2111,9,3,block2_conv2
2112,9,4,block2_conv2
2113,9,5,block2_conv2
2114,9,6,block2_conv2
2115,9,7,block2_conv2
2116,9,8,block2_conv2
2117,9,9,block2_conv2
2118,9,10,block2_conv2
2119,9,11,block2_conv2
2120,9,12,block2_conv2
2121,9,13,block2_conv2
2122,9,14,block2_conv2
2123,10,1,block2_conv2
2124,10,2,block2_conv2
2125,10,3,block2_conv2
2126,10,4,block2_conv2
2127,10,5,block2_conv2
2128,10,6,block2_conv2
2129,10,7,block2_conv2
2130,10,8,block2_conv2
2131,10,9,block2_conv2
2132,10,10,block2_conv2
2133,10,11,block2_conv2
2134,10,12,block2_conv2
2135,10,13,block2_conv2
2136,10,14,block2_conv2
2137,11,1,block2_conv2
2138,11,2,block2_conv2
2139,11,3,block2_conv2
2140,11,4,block2_conv2
2141,11,5,block2_conv2
2142,11,6,block2_conv2
2143,11,7,block2_conv2
2144,11,8,block2_conv2
2145,11,9,block2_conv2
2146,11,10,block2_conv2
2147,11,11,block2_conv2
2148,11,12,block2_conv2
2149,11,13,block2_conv2
2150,11,14,block2_conv2
2151,12,1,block2_conv2
2152,12,2,block2_conv2
2153,12,3,block2_conv2
2154,12,4,block2_conv2
2155,12,5,block2_conv2
2156,12,6,block2_conv2
2157,12,7,block2_conv2
2158,12,8,block2_conv2
2159,12,9,block2_conv2
2160,12,10,block2_conv2
2161,12,11,block2_conv2
2162,12,12,block2_conv2
2163,12,13,block2_conv2
2164,12,14,block2_conv2
2165,13,1,block2_conv2
2166,13,2,block2_conv2
2167,13,3,block2_conv2
2168,13,4,block2_conv2
2169,13,5,block2_conv2
2170,13,6,block2_conv2
2171,13,7,block2_conv2
2172,13,8,block2_conv2
2173,13,9,block2_conv2
2174,13,10,block2_conv2
2175,13,11,block2_conv2
2176,13,12,block2_conv2
2177,13,13,block2_conv2
2178,13,14,block2_conv2
2179,14,1,block2_conv2
2180,14,2,block2_conv2
2181,14,3,block2_conv2
2182,14,4,block2_conv2
2183,14,5,block2_conv2
2184,14,6,block2_conv2
2185,14,7,block2_conv2
2186,14,8,block2_conv2
2187,14,9,block2_conv2
2188,14,10,block2_conv2
2189,14,11,block2_conv2
2190,14,12,block2_conv2
2191,14,13,block2_conv2
2192,14,14,block2_conv2
2193,1,1,block3_conv1
2194,1,2,block3_conv1
2195,1,3,block3_conv1
2196,1,4,block3_conv1
2197,1,5,block3_conv1
2198,1,6,block3_conv1
2199,2,1,block3_conv1
2200,2,2,block3_conv1
2201,2,3,block3_conv1
2202,2,4,block3_conv1
2203,2,5,block3_conv1
2204,2,6,block3_conv1
2205,3,1,block3_conv1
2206,3,2,block3_conv1
2207,3,3,block3_conv1
2208,3,4,block3_conv1
2209,3,5,block3_conv1
2210,3,6,block3_conv1
2211,4,1,block3_conv1
2212,4,2,block3_conv1
2213,4,3,block3_conv1
2214,4,4,block3_conv1
2215,4,5,block3_conv1
2216,4,6,block3_conv1
2217,5,1,block3_conv1
2218,5,2,block3_conv1
2219,5,3,block3_conv1
2220,5,4,block3_conv1
2221,5,5,block3_conv1
2222,5,6,block3_conv1
2223,6,1,block3_conv1
2224,6,2,block3_conv1
2225,6,3,block3_conv1
2226,6,4,block3_conv1
2227,6,5,block3_conv1
2228,6,6,block3_conv1
2229,1,1,block3_conv2
2230,1,2,block3_conv2
2231,1,3,block3_conv2
2232,1,4,block3_conv2
2233,1,5,block3_conv2
2234,1,6,block3_conv2
2235,2,1,block3_conv2
2236,2,2,block3_conv2
2237,2,3,block3_conv2
2238,2,4,block3_conv2
2239,2,5,block3_conv2
2240,2,6,block3_conv2
2241,3,1,block3_conv2
2242,3,2,block3_conv2
2243,3,3,block3_conv2
2244,3,4,block3_conv2
2245,3,5,block3_conv2
2246,3,6,block3_conv2
2247,4,1,block3_conv2
2248,4,2,block3_conv2
2249,4,3,block3_conv2
2250,4,4,block3_conv2
2251,4,5,block3_conv2
2252,4,6,block3_conv2
2253,5,1,block3_conv2
2254,5,2,block3_conv2
2255,5,3,block3_conv2
2256,5,4,block3_conv2
2257,5,5,block3_conv2
2258,5,6,block3_conv2
2259,6,1,block3_conv2
2260,6,2,block3_conv2
2261,6,3,block3_conv2
2262,6,4,block3_conv2
2263,6,5,block3_conv2
2264,6,6,block3_conv2
2265,1,1,block3_conv3
2266,1,2,block3_conv3
2267,1,3,block3_conv3
2268,1,4,block3_conv3
2269,1,5,block3_conv3
2270,1,6,block3_conv3
2271,2,1,block3_conv3
2272,2,2,block3_conv3
2273,2,3,block3_conv3
2274,2,4,block3_conv3
2275,2,5,block3_conv3
2276,2,6,block3_conv3
2277,3,1,block3_conv3
2278,3,2,block3_conv3
2279,3,3,block3_conv3
2280,3,4,block3_conv3
2281,3,5,block3_conv3
2282,3,6,block3_conv3
2283,4,1,block3_conv3
2284,4,2,block3_conv3
2285,4,3,block3_conv3
2286,4,4,block3_conv3
2287,4,5,block3_conv3
2288,4,6,block3_conv3
2289,5,1,block3_conv3
2290,5,2,block3_conv3
2291,5,3,block3_conv3
2292,5,4,block3_conv3
2293,5,5,block3_conv3
2294,5,6,block3_conv3
2295,6,1,block3_conv3
2296,6,2,block3_conv3
2297,6,3,block3_conv3
2298,6,4,block3_conv3
2299,6,5,block3_conv3
2300,6,6,block3_conv3
2301,1,1,block4_conv1
2302,1,2,block4_conv1
2303,2,1,block4_conv1
2304,2,2,block4_conv1
2305,1,1,block4_conv2
2306,1,2,block4_conv2
2307,2,1,block4_conv2
2308,2,2,block4_conv2
2309,1,1,block4_conv3
2310,1,2,block4_conv3
2311,2,1,block4_conv3
2312,2,2,block4_conv3
2313,1,1,block5_conv1
2314,1,1,block5_conv2
2315,0,0,block5_conv3
2316,0,1,block5_conv3
2317,1,0,block5_conv3
2318,1,1,block5_conv3
